{
    "context_lengths": [64, 128, 256, 512, 1024, 2048, 4096, 8192, 16384],
        "vanilla": [0.000865555, 0.0008210200000000001, 0.00114995, 0.00257588, 0.010712639999999999, 0.038192834999999994, 0.135169665, 1.02893498, 9.27887514],
        "logistic": [0.000566705, 0.000732335, 0.0009239350000000001, 0.003038795, 0.013696635000000002, 0.035677814999999995, 0.127586625, 1.3442017899999998, 3.9737095049999995],
        "sima": [0.00076132, 0.0009016, 0.001266715, 0.0037036300000000003, 0.010479785000000002, 0.03464697, 0.12038351999999997, 1.20185777, 3.9610045],
        "ssmax": [0.0005497750000000001, 0.00075459, 0.0012332849999999998, 0.0035212050000000003, 0.012358339999999999, 0.04075365, 0.15345414500000001, 1.6413755250000002, 10.94963552]

    
}